frame,t_sec,neck_tilt,ear_avg,neck_delta_abs,neck_alarm_8,neck_alarm_15
0,0.0,,,0.0,0,0
2,0.068,,,0.0,0,0
4,0.136,,,0.0,0,0
6,0.204,,,0.0,0,0
8,0.272,,,0.0,0,0
10,0.341,,,0.0,0,0
12,0.409,,,0.0,0,0
14,0.477,,,0.0,0,0
16,0.545,,,0.0,0,0
18,0.613,,,0.0,0,0
20,0.681,,,0.0,0,0
22,0.749,,,0.0,0,0
24,0.817,,,0.0,0,0
26,0.885,,,0.0,0,0
28,0.954,,,0.0,0,0
30,1.022,,,0.0,0,0
32,1.09,,,0.0,0,0
34,1.158,,,0.0,0,0
36,1.226,,,0.0,0,0
38,1.294,,,0.0,0,0
40,1.362,,,0.0,0,0
42,1.43,,,0.0,0,0
44,1.498,,,0.0,0,0
46,1.567,,,0.0,0,0
48,1.635,,,0.0,0,0
50,1.703,,,0.0,0,0
52,1.771,,,0.0,0,0
54,1.839,,,0.0,0,0
56,1.907,,,0.0,0,0
58,1.975,,,0.0,0,0
60,2.043,,,0.0,0,0
62,2.111,,,0.0,0,0
64,2.18,,,0.0,0,0
66,2.248,,,0.0,0,0
68,2.316,,,0.0,0,0
70,2.384,,,0.0,0,0
72,2.452,,,0.0,0,0
74,2.52,,,0.0,0,0
76,2.588,,,0.0,0,0
78,2.656,,,0.0,0,0
80,2.724,,,0.0,0,0
82,2.793,,,0.0,0,0
84,2.861,,,0.0,0,0
86,2.929,,,0.0,0,0
88,2.997,,,0.0,0,0
90,3.065,,,0.0,0,0
92,3.133,,,0.0,0,0
94,3.201,,,0.0,0,0
96,3.269,,,0.0,0,0
98,3.338,,,0.0,0,0
100,3.406,,,0.0,0,0
102,3.474,,,0.0,0,0
104,3.542,,,0.0,0,0
106,3.61,,,0.0,0,0
108,3.678,,,0.0,0,0
110,3.746,,,0.0,0,0
112,3.814,,,0.0,0,0
114,3.882,,,0.0,0,0
116,3.951,,,0.0,0,0
118,4.019,,,0.0,0,0
120,4.087,,,0.0,0,0
122,4.155,,,0.0,0,0
124,4.223,,,0.0,0,0
126,4.291,,,0.0,0,0
128,4.359,,,0.0,0,0
130,4.427,,,0.0,0,0
132,4.495,,,0.0,0,0
134,4.564,,,0.0,0,0
136,4.632,,,0.0,0,0
138,4.7,,,0.0,0,0
140,4.768,,,0.0,0,0
142,4.836,,,0.0,0,0
144,4.904,,,0.0,0,0
146,4.972,,,0.0,0,0
148,5.04,,,0.0,0,0
150,5.108,,,0.0,0,0
152,5.177,,,0.0,0,0
154,5.245,,,0.0,0,0
156,5.313,,,0.0,0,0
158,5.381,,,0.0,0,0
160,5.449,,,0.0,0,0
162,5.517,,,0.0,0,0
164,5.585,,,0.0,0,0
166,5.653,,,0.0,0,0
168,5.721,,,0.0,0,0
170,5.79,,,0.0,0,0
172,5.858,,,0.0,0,0
174,5.926,,,0.0,0,0
176,5.994,,,0.0,0,0
178,6.062,,,0.0,0,0
180,6.13,,,0.0,0,0
182,6.198,,,0.0,0,0
184,6.266,,,0.0,0,0
186,6.334,,,0.0,0,0
188,6.403,,,0.0,0,0
190,6.471,,,0.0,0,0
192,6.539,,,0.0,0,0
194,6.607,,,0.0,0,0
196,6.675,,,0.0,0,0
198,6.743,,,0.0,0,0
200,6.811,,,0.0,0,0
202,6.879,,,0.0,0,0
204,6.947,,,0.0,0,0
206,7.016,,,0.0,0,0
208,7.084,,,0.0,0,0
210,7.152,,,0.0,0,0
212,7.22,,,0.0,0,0
214,7.288,,,0.0,0,0
216,7.356,,,0.0,0,0
218,7.424,,,0.0,0,0
220,7.492,,,0.0,0,0
222,7.56,,,0.0,0,0
224,7.629,,,0.0,0,0
226,7.697,,,0.0,0,0
228,7.765,,,0.0,0,0
230,7.833,,,0.0,0,0
232,7.901,,,0.0,0,0
234,7.969,,,0.0,0,0
236,8.037,,,0.0,0,0
238,8.105,,,0.0,0,0
240,8.173,,,0.0,0,0
242,8.242,,,0.0,0,0
244,8.31,,,0.0,0,0
246,8.378,,,0.0,0,0
248,8.446,,,0.0,0,0
250,8.514,,,0.0,0,0
252,8.582,,,0.0,0,0
254,8.65,,,0.0,0,0
256,8.718,,,0.0,0,0
258,8.787,,,0.0,0,0
260,8.855,,,0.0,0,0
262,8.923,,,0.0,0,0
264,8.991,,,0.0,0,0
266,9.059,,,0.0,0,0
268,9.127,,,0.0,0,0
270,9.195,,,0.0,0,0
272,9.263,,,0.0,0,0
274,9.331,,,0.0,0,0
276,9.4,,,0.0,0,0
278,9.468,,,0.0,0,0
280,9.536,,,0.0,0,0
282,9.604,,,0.0,0,0
284,9.672,,,0.0,0,0
286,9.74,,,0.0,0,0
288,9.808,,,0.0,0,0
290,9.876,,,0.0,0,0
292,9.944,,,0.0,0,0
294,10.013,,,0.0,0,0
296,10.081,,,0.0,0,0
298,10.149,,,0.0,0,0
300,10.217,,,0.0,0,0
302,10.285,,,0.0,0,0
304,10.353,,,0.0,0,0
306,10.421,,,0.0,0,0
308,10.489,,,0.0,0,0
310,10.557,,,0.0,0,0
312,10.626,,,0.0,0,0
314,10.694,,,0.0,0,0
316,10.762,,,0.0,0,0
318,10.83,,,0.0,0,0
320,10.898,,,0.0,0,0
322,10.966,,,0.0,0,0
324,11.034,,,0.0,0,0
326,11.102,,,0.0,0,0
328,11.17,,,0.0,0,0
330,11.239,,,0.0,0,0
332,11.307,,,0.0,0,0
334,11.375,,,0.0,0,0
336,11.443,,,0.0,0,0
338,11.511,,,0.0,0,0
340,11.579,,,0.0,0,0
342,11.647,,,0.0,0,0
344,11.715,,,0.0,0,0
346,11.783,,,0.0,0,0
348,11.852,,,0.0,0,0
350,11.92,,,0.0,0,0
352,11.988,,,0.0,0,0
354,12.056,,,0.0,0,0
356,12.124,,,0.0,0,0
358,12.192,,,0.0,0,0
360,12.26,,,0.0,0,0
362,12.328,,,0.0,0,0
364,12.396,,,0.0,0,0
366,12.465,,,0.0,0,0
368,12.533,,,0.0,0,0
370,12.601,,,0.0,0,0
372,12.669,,,0.0,0,0
374,12.737,,,0.0,0,0
376,12.805,,,0.0,0,0
378,12.873,,,0.0,0,0
380,12.941,,,0.0,0,0
382,13.009,,,0.0,0,0
384,13.078,,,0.0,0,0
386,13.146,,,0.0,0,0
388,13.214,,,0.0,0,0
390,13.282,,,0.0,0,0
392,13.35,,,0.0,0,0
394,13.418,,,0.0,0,0
396,13.486,,,0.0,0,0
398,13.554,,,0.0,0,0
400,13.622,,,0.0,0,0
402,13.691,,,0.0,0,0
404,13.759,,,0.0,0,0
406,13.827,,,0.0,0,0
408,13.895,,,0.0,0,0
410,13.963,,,0.0,0,0
412,14.031,,,0.0,0,0
414,14.099,,,0.0,0,0
416,14.167,,,0.0,0,0
418,14.236,,,0.0,0,0
420,14.304,,,0.0,0,0
422,14.372,,,0.0,0,0
424,14.44,,,0.0,0,0
426,14.508,,,0.0,0,0
428,14.576,,,0.0,0,0
430,14.644,,,0.0,0,0
432,14.712,,,0.0,0,0
434,14.78,,,0.0,0,0
436,14.849,,,0.0,0,0
438,14.917,,,0.0,0,0
440,14.985,,,0.0,0,0
442,15.053,,,0.0,0,0
444,15.121,,,0.0,0,0
446,15.189,,,0.0,0,0
448,15.257,,,0.0,0,0
450,15.325,,,0.0,0,0
452,15.393,,,0.0,0,0
454,15.462,,,0.0,0,0
456,15.53,,,0.0,0,0
458,15.598,,,0.0,0,0
460,15.666,,,0.0,0,0
462,15.734,,,0.0,0,0
464,15.802,,,0.0,0,0
466,15.87,,,0.0,0,0
468,15.938,,,0.0,0,0
470,16.006,,,0.0,0,0
472,16.075,,,0.0,0,0
474,16.143,,,0.0,0,0
476,16.211,,,0.0,0,0
478,16.279,,,0.0,0,0
480,16.347,,,0.0,0,0
482,16.415,,,0.0,0,0
484,16.483,,,0.0,0,0
486,16.551,,,0.0,0,0
488,16.619,,,0.0,0,0
490,16.688,,,0.0,0,0
492,16.756,,,0.0,0,0
494,16.824,,,0.0,0,0
496,16.892,,,0.0,0,0
498,16.96,,,0.0,0,0
500,17.028,,,0.0,0,0
502,17.096,,,0.0,0,0
504,17.164,,,0.0,0,0
506,17.232,,,0.0,0,0
508,17.301,,,0.0,0,0
510,17.369,,,0.0,0,0
512,17.437,,,0.0,0,0
514,17.505,,,0.0,0,0
516,17.573,,,0.0,0,0
518,17.641,,,0.0,0,0
520,17.709,,,0.0,0,0
522,17.777,,,0.0,0,0
524,17.845,,,0.0,0,0
526,17.914,,,0.0,0,0
528,17.982,,,0.0,0,0
530,18.05,,,0.0,0,0
532,18.118,,,0.0,0,0
534,18.186,,,0.0,0,0
536,18.254,,,0.0,0,0
538,18.322,,,0.0,0,0
540,18.39,,,0.0,0,0
542,18.458,,,0.0,0,0
544,18.527,,,0.0,0,0
546,18.595,,,0.0,0,0
548,18.663,,,0.0,0,0
550,18.731,,,0.0,0,0
552,18.799,,,0.0,0,0
554,18.867,,,0.0,0,0
556,18.935,,,0.0,0,0
558,19.003,,,0.0,0,0
560,19.071,,,0.0,0,0
562,19.14,,,0.0,0,0
564,19.208,,,0.0,0,0
566,19.276,,,0.0,0,0
568,19.344,,,0.0,0,0
570,19.412,,,0.0,0,0
572,19.48,,,0.0,0,0
574,19.548,,,0.0,0,0
576,19.616,,,0.0,0,0
578,19.684,,,0.0,0,0
580,19.753,,,0.0,0,0
582,19.821,,,0.0,0,0
584,19.889,,,0.0,0,0
586,19.957,,,0.0,0,0
588,20.025,,,0.0,0,0
590,20.093,,,0.0,0,0
592,20.161,,,0.0,0,0
594,20.229,,,0.0,0,0
596,20.298,,,0.0,0,0
598,20.366,,,0.0,0,0
600,20.434,,,0.0,0,0
602,20.502,,,0.0,0,0
604,20.57,,,0.0,0,0
606,20.638,,,0.0,0,0
608,20.706,,,0.0,0,0
610,20.774,,,0.0,0,0
612,20.842,,,0.0,0,0
614,20.911,,,0.0,0,0
616,20.979,,,0.0,0,0
618,21.047,,,0.0,0,0
620,21.115,,,0.0,0,0
622,21.183,,,0.0,0,0
624,21.251,,,0.0,0,0
626,21.319,,,0.0,0,0
628,21.387,,,0.0,0,0
630,21.455,,,0.0,0,0
632,21.524,,,0.0,0,0
634,21.592,,,0.0,0,0
636,21.66,,,0.0,0,0
638,21.728,,,0.0,0,0
640,21.796,,,0.0,0,0
642,21.864,,,0.0,0,0
644,21.932,,,0.0,0,0
646,22.0,,,0.0,0,0
648,22.068,,,0.0,0,0
650,22.137,,,0.0,0,0
652,22.205,,,0.0,0,0
654,22.273,,,0.0,0,0
656,22.341,,,0.0,0,0
658,22.409,,,0.0,0,0
660,22.477,,,0.0,0,0
662,22.545,,,0.0,0,0
664,22.613,,,0.0,0,0
666,22.681,,,0.0,0,0
668,22.75,,,0.0,0,0
670,22.818,,,0.0,0,0
672,22.886,,,0.0,0,0
674,22.954,,,0.0,0,0
676,23.022,,,0.0,0,0
678,23.09,,,0.0,0,0
680,23.158,,,0.0,0,0
682,23.226,,,0.0,0,0
684,23.294,,,0.0,0,0
686,23.363,,,0.0,0,0
688,23.431,,,0.0,0,0
690,23.499,,,0.0,0,0
692,23.567,,,0.0,0,0
694,23.635,,,0.0,0,0
696,23.703,,,0.0,0,0
698,23.771,,,0.0,0,0
700,23.839,,,0.0,0,0
702,23.907,,,0.0,0,0
704,23.976,,,0.0,0,0
706,24.044,,,0.0,0,0
708,24.112,,,0.0,0,0
710,24.18,,,0.0,0,0
712,24.248,,,0.0,0,0
714,24.316,,,0.0,0,0
716,24.384,,,0.0,0,0
718,24.452,,,0.0,0,0
720,24.52,,,0.0,0,0
722,24.589,,,0.0,0,0
724,24.657,,,0.0,0,0
726,24.725,,,0.0,0,0
728,24.793,,,0.0,0,0
730,24.861,,,0.0,0,0
732,24.929,,,0.0,0,0
734,24.997,,,0.0,0,0
736,25.065,,,0.0,0,0
738,25.133,,,0.0,0,0
740,25.202,,,0.0,0,0
742,25.27,,,0.0,0,0
744,25.338,,,0.0,0,0
746,25.406,,,0.0,0,0
748,25.474,,,0.0,0,0
750,25.542,,,0.0,0,0
752,25.61,,,0.0,0,0
754,25.678,,,0.0,0,0
756,25.747,,,0.0,0,0
758,25.815,,,0.0,0,0
760,25.883,,,0.0,0,0
762,25.951,,,0.0,0,0
764,26.019,,,0.0,0,0
766,26.087,,,0.0,0,0
768,26.155,,,0.0,0,0
770,26.223,,,0.0,0,0
772,26.291,,,0.0,0,0
774,26.36,,,0.0,0,0
776,26.428,,,0.0,0,0
778,26.496,,,0.0,0,0
780,26.564,,,0.0,0,0
782,26.632,,,0.0,0,0
784,26.7,,,0.0,0,0
786,26.768,,,0.0,0,0
788,26.836,,,0.0,0,0
790,26.904,,,0.0,0,0
792,26.973,,,0.0,0,0
794,27.041,,,0.0,0,0
796,27.109,,,0.0,0,0
798,27.177,,,0.0,0,0
800,27.245,,,0.0,0,0
802,27.313,,,0.0,0,0
804,27.381,,,0.0,0,0
806,27.449,,,0.0,0,0
808,27.517,,,0.0,0,0
810,27.586,,,0.0,0,0
812,27.654,,,0.0,0,0
814,27.722,,,0.0,0,0
816,27.79,,,0.0,0,0
818,27.858,,,0.0,0,0
820,27.926,,,0.0,0,0
822,27.994,,,0.0,0,0
824,28.062,,,0.0,0,0
826,28.13,,,0.0,0,0
828,28.199,,,0.0,0,0
830,28.267,,,0.0,0,0
832,28.335,,,0.0,0,0
834,28.403,,,0.0,0,0
836,28.471,,,0.0,0,0
838,28.539,,,0.0,0,0
840,28.607,,,0.0,0,0
842,28.675,,,0.0,0,0
844,28.743,,,0.0,0,0
846,28.812,,,0.0,0,0
848,28.88,,,0.0,0,0
850,28.948,,,0.0,0,0
852,29.016,,,0.0,0,0
854,29.084,,,0.0,0,0
856,29.152,,,0.0,0,0
858,29.22,,,0.0,0,0
860,29.288,,,0.0,0,0
862,29.356,,,0.0,0,0
864,29.425,,,0.0,0,0
866,29.493,,,0.0,0,0
868,29.561,,,0.0,0,0
870,29.629,,,0.0,0,0
872,29.697,,,0.0,0,0
874,29.765,,,0.0,0,0
876,29.833,,,0.0,0,0
878,29.901,,,0.0,0,0
880,29.969,,,0.0,0,0
882,30.038,,,0.0,0,0
884,30.106,,,0.0,0,0
886,30.174,,,0.0,0,0
888,30.242,,,0.0,0,0
890,30.31,,,0.0,0,0
892,30.378,,,0.0,0,0
894,30.446,,,0.0,0,0
896,30.514,,,0.0,0,0
898,30.582,,,0.0,0,0
900,30.651,,,0.0,0,0
902,30.719,,,0.0,0,0
904,30.787,,,0.0,0,0
906,30.855,,,0.0,0,0
908,30.923,,,0.0,0,0
910,30.991,,,0.0,0,0
912,31.059,,,0.0,0,0
914,31.127,,,0.0,0,0
916,31.195,,,0.0,0,0
918,31.264,,,0.0,0,0
920,31.332,,,0.0,0,0
922,31.4,,,0.0,0,0
924,31.468,,,0.0,0,0
926,31.536,,,0.0,0,0
928,31.604,,,0.0,0,0
930,31.672,,,0.0,0,0
932,31.74,,,0.0,0,0
934,31.809,,,0.0,0,0
936,31.877,,,0.0,0,0
938,31.945,,,0.0,0,0
940,32.013,,,0.0,0,0
942,32.081,,,0.0,0,0
944,32.149,,,0.0,0,0
946,32.217,,,0.0,0,0
948,32.285,,,0.0,0,0
950,32.353,,,0.0,0,0
952,32.422,,,0.0,0,0
954,32.49,,,0.0,0,0
956,32.558,,,0.0,0,0
958,32.626,,,0.0,0,0
960,32.694,,,0.0,0,0
962,32.762,,,0.0,0,0
964,32.83,,,0.0,0,0
966,32.898,,,0.0,0,0
968,32.966,,,0.0,0,0
970,33.035,,,0.0,0,0
972,33.103,,,0.0,0,0
974,33.171,,,0.0,0,0
976,33.239,,,0.0,0,0
978,33.307,,,0.0,0,0
980,33.375,,,0.0,0,0
982,33.443,,,0.0,0,0
984,33.511,,,0.0,0,0
986,33.579,,,0.0,0,0
988,33.648,,,0.0,0,0
990,33.716,,,0.0,0,0
992,33.784,,,0.0,0,0
994,33.852,,,0.0,0,0
996,33.92,,,0.0,0,0
998,33.988,,,0.0,0,0
1000,34.056,,,0.0,0,0
1002,34.124,,,0.0,0,0
1004,34.192,,,0.0,0,0
1006,34.261,,,0.0,0,0
1008,34.329,,,0.0,0,0
1010,34.397,,,0.0,0,0
1012,34.465,,,0.0,0,0
1014,34.533,,,0.0,0,0
1016,34.601,,,0.0,0,0
1018,34.669,,,0.0,0,0
1020,34.737,,,0.0,0,0
1022,34.805,,,0.0,0,0
1024,34.874,,,0.0,0,0
1026,34.942,,,0.0,0,0
1028,35.01,,,0.0,0,0
1030,35.078,,,0.0,0,0
1032,35.146,,,0.0,0,0
1034,35.214,,,0.0,0,0
1036,35.282,,,0.0,0,0
1038,35.35,,,0.0,0,0
1040,35.418,,,0.0,0,0
1042,35.487,,,0.0,0,0
1044,35.555,,,0.0,0,0
1046,35.623,,,0.0,0,0
1048,35.691,,,0.0,0,0
1050,35.759,,,0.0,0,0
1052,35.827,,,0.0,0,0
1054,35.895,,,0.0,0,0
1056,35.963,,,0.0,0,0
1058,36.031,,,0.0,0,0
1060,36.1,,,0.0,0,0
1062,36.168,,,0.0,0,0
1064,36.236,,,0.0,0,0
1066,36.304,,,0.0,0,0
1068,36.372,,,0.0,0,0
1070,36.44,,,0.0,0,0
1072,36.508,,,0.0,0,0
1074,36.576,,,0.0,0,0
1076,36.644,,,0.0,0,0
1078,36.713,,,0.0,0,0
1080,36.781,,,0.0,0,0
1082,36.849,,,0.0,0,0
1084,36.917,,,0.0,0,0
1086,36.985,,,0.0,0,0
1088,37.053,,,0.0,0,0
1090,37.121,,,0.0,0,0
1092,37.189,,,0.0,0,0
1094,37.258,,,0.0,0,0
1096,37.326,,,0.0,0,0
1098,37.394,,,0.0,0,0
1100,37.462,,,0.0,0,0
